{
    "timestamp": 12323412342,
    "fragment_number": 123546,
    "labels": [
        [
            {
                "Name": "Person",
                "Bounding_box": {
                    "Width": 0.9989283680915833,
                    "Height": 0.9963576197624207,
                    "Left": 0.00043359556002542377,
                    "Top": 0.000661010795738548
                },
                "Confidence": 99.42082214355469
            },
            {
                "Name": "Glasses",
                "Bounding_box": {
                    "Width": 0.3723424971103668,
                    "Height": 0.19906555116176605,
                    "Left": 0.22577500343322754,
                    "Top": 0.23328320682048798
                },
                "Confidence": 97.55232238769531
            }
        ]
    ]
}

{
    "stream_name": "pepegrillo"
    "timestamp": 12323412342,
    "fragment_number": 123546,
    "labels": [
        {
            "Name": "Person",
            "Bounding_box": {
                "Width": 0.9989283680915833,
                "Height": 0.9963576197624207,
                "Left": 0.00043359556002542377,
                "Top": 0.000661010795738548
            },
            "Confidence": 99.42082214355469
        },
        {
            "Name": "Glasses",
            "Bounding_box": {
                "Width": 0.3723424971103668,
                "Height": 0.19906555116176605,
                "Left": 0.22577500343322754,
                "Top": 0.23328320682048798
            },
            "Confidence": 97.55232238769531
        }
    ]
}